{
  "0": {
    "acc": 0.8455284833908081,
    "val_acc": 0.90625,
    "loss": 15.186208089192709,
    "val_loss": 2072.48193359375
  },
  "1": {
    "acc": 0.921875,
    "val_acc": 0.9473684430122375,
    "loss": 10.81331729888916,
    "val_loss": 776.7804565429688
  },
  "2": {
    "acc": 0.9024389982223511,
    "val_acc": 0.96875,
    "loss": 2.936842867998573,
    "val_loss": 70.81609344482422
  },
  "3": {
    "acc": 0.6178861856460571,
    "val_acc": 0.8421052694320679,
    "loss": 0.9761957288757572,
    "val_loss": 339.4798583984375
  },
  "4": {
    "acc": 0.8943089246749878,
    "val_acc": 0.9375,
    "loss": 0.5892809091544733,
    "val_loss": 217.79444885253906
  },
  "5": {
    "acc": 0.9024389982223511,
    "val_acc": 0.8947368264198303,
    "loss": 0.5093363634939116,
    "val_loss": 175.9676513671875
  },
  "6": {
    "acc": 0.9268292784690857,
    "val_acc": 0.90625,
    "loss": 0.3254566861361992,
    "val_loss": 137.70347595214844
  },
  "7": {
    "acc": 0.9453125,
    "val_acc": 0.9473684430122375,
    "loss": 0.32703234255313873,
    "val_loss": 36.433658599853516
  },
  "8": {
    "acc": 0.8780487775802612,
    "val_acc": 0.90625,
    "loss": 0.5220175855528049,
    "val_loss": 32.31397247314453
  },
  "9": {
    "acc": 0.9268292784690857,
    "val_acc": 0.9473684430122375,
    "loss": 0.334409005758239,
    "val_loss": 22.884241104125977
  },
  "10": {
    "acc": 0.9186992049217224,
    "val_acc": 0.96875,
    "loss": 0.29675480069183724,
    "val_loss": 8.44591999053955
  },
  "11": {
    "acc": 0.9140625,
    "val_acc": 0.8421052694320679,
    "loss": 0.2578108385205269,
    "val_loss": 7.347104549407959
  },
  "12": {
    "acc": 0.9024389982223511,
    "val_acc": 0.96875,
    "loss": 0.2981275220712026,
    "val_loss": 3.51143217086792
  },
  "13": {
    "acc": 0.8943089246749878,
    "val_acc": 0.8421052694320679,
    "loss": 0.3117939955819913,
    "val_loss": 1.9572991132736206
  },
  "14": {
    "acc": 0.9430894255638123,
    "val_acc": 0.90625,
    "loss": 0.19106687908250142,
    "val_loss": 1.7820014953613281
  },
  "15": {
    "acc": 0.9268292784690857,
    "val_acc": 0.9473684430122375,
    "loss": 0.20797118047873178,
    "val_loss": 0.38461315631866455
  },
  "16": {
    "acc": 0.8861788511276245,
    "val_acc": 0.90625,
    "loss": 0.30497989106953627,
    "val_loss": 0.837742805480957
  },
  "17": {
    "acc": 0.90625,
    "val_acc": 0.9473684430122375,
    "loss": 0.2585734836757183,
    "val_loss": 0.21470847725868225
  },
  "18": {
    "acc": 0.934959352016449,
    "val_acc": 0.9375,
    "loss": 0.2289331568692758,
    "val_loss": 0.22243785858154297
  },
  "19": {
    "acc": 0.9186992049217224,
    "val_acc": 0.8947368264198303,
    "loss": 0.26294311178408986,
    "val_loss": 0.49359843134880066
  },
  "20": {
    "acc": 0.9140625,
    "val_acc": 0.90625,
    "loss": 0.2669246159493923,
    "val_loss": 0.3012073040008545
  },
  "21": {
    "acc": 0.9491525292396545,
    "val_acc": 0.9473684430122375,
    "loss": 0.18712374043919272,
    "val_loss": 0.3083527982234955
  },
  "22": {
    "acc": 0.9140625,
    "val_acc": 0.9375,
    "loss": 0.34688417986035347,
    "val_loss": 0.3022751212120056
  },
  "23": {
    "acc": 0.8943089246749878,
    "val_acc": 0.8947368264198303,
    "loss": 0.2780929270798598,
    "val_loss": 0.354524701833725
  },
  "24": {
    "acc": 0.9186992049217224,
    "val_acc": 0.9375,
    "loss": 0.28623366743568485,
    "val_loss": 0.30952489376068115
  }
}
